Title,URL,Price,Currency,Seller,Recherche
Codes JCC Pokémon Booster 151,"<a href=""https://pokegourou.com/codes-jcc-pokemon-online/codes-jcc-pokemon-booster-151/"" target=""_blank"">Lien</a>",0.25,EUR,Pokegourou,acheter booster pokemon 151 (2025-03-09 02:49:08)
Pokemon 151 : Ensemble de dés Collection Ultra Premium,"<a href=""https://lichcards.nl/fr/products/pokemon-151-ensemble-de-des-ultra-premium-collection?utm_source=google&utm_medium=organic&utm_campaign=FRfr&utm_content=Pokemon%20151%3A%20Ultra%20Premium%20Collection%20Dobbelstenen%20Set&srsltid=AfmBOopX7YzyCcBQwbyi4l-FzaI3uvK2VUaARM60EQYre0yq74aR5gU_uYA"" target=""_blank"">Lien</a>",1.49,EUR,Lichcards,acheter booster pokemon 151 (2025-03-09 02:49:08)
Booster Pokémon Scarlet EX SV1S,"<a href=""https://www.relictcg.com/products/display-scarlet-ex-sv1s-jpn?variant=44000396411103&country=FR&currency=EUR&utm_medium=product_sync&utm_source=google&utm_content=sag_organic&utm_campaign=sag_organic"" target=""_blank"">Lien</a>",4.0,EUR,RelicTCG,acheter booster pokemon 151 (2025-03-09 02:49:08)
360 pièces Pokemon SCARLET & VIOLE 151 carte brillant destins Style Booster ...,"<a href=""https://s.click.aliexpress.com/deep_link.htm?dl_target_url=https%3A%2F%2Fwww.aliexpress.com%2Fitem%2F1005008228443353.html%3F_randl_currency%3DEUR%26_randl_shipto%3DFR&src=google&aff_short_key=UneMJZVf&aff_platform=true&isdl=y"" target=""_blank"">Lien</a>",4.89,EUR,AliExpress,acheter booster pokemon 151 (2025-03-09 02:49:08)
Pokemon 360 pièces SCARLET & VIOLE 151 carte brillant destins Style Booster ...,"<a href=""https://s.click.aliexpress.com/deep_link.htm?dl_target_url=https%3A%2F%2Fwww.aliexpress.com%2Fitem%2F1005008231992824.html%3F_randl_currency%3DEUR%26_randl_shipto%3DFR&src=google&aff_short_key=UneMJZVf&aff_platform=true&isdl=y"" target=""_blank"">Lien</a>",4.89,EUR,AliExpress,acheter booster pokemon 151 (2025-03-09 02:49:08)
Acheter Booster Pokémon - 151C -COLLECT 151 Journey - Slim - chinois - Relic,"<a href=""https://pokemagic.fr/products/booster-pokemon-collect-151-journey-151c?variant=54106389709068&country=FR&currency=EUR&utm_medium=product_sync&utm_source=google&utm_content=sag_organic&utm_campaign=sag_organic&srsltid=AfmBOorOMwBHG5S47RmdygY34EvWuAv0OBWDIyWpjQNgy75OKGePENCEZbg"" target=""_blank"">Lien</a>",5.0,EUR,Pokemagic,acheter booster pokemon 151 (2025-03-09 02:49:08)
Booster 151 - Boxbreak,"<a href=""https://pokemagique.fr/produit/booster-151-coreen/"" target=""_blank"">Lien</a>",5.95,EUR,PokéMagique,acheter booster pokemon 151 (2025-03-09 02:49:08)
Pokemon Lot De Booster Pokémon 151 Coréen,"<a href=""https://www.beebs.app/fr/ca/c-6gObErIEd9qAlYoJkM5Ohe/product/12215524"" target=""_blank"">Lien</a>",5.99,EUR,Beebs,acheter booster pokemon 151 (2025-03-09 02:49:08)
Boosters 151 Chinois Exclu x1 Neuf scellé - sortie de display,"<a href=""https://kinkai.fr/article/40807"" target=""_blank"">Lien</a>",6.0,EUR,Kinkai,acheter booster pokemon 151 (2025-03-09 02:49:08)
Pokémon - Booster - SV2A (151),"<a href=""https://www.maxsenscollections.fr/booster-pokemon-151-japonais-sv2a"" target=""_blank"">Lien</a>",7.9,EUR,MaxSens Collections,acheter booster pokemon 151 (2025-03-09 02:49:08)
360 pièces/boîte nouveau paquet de cartes Booster Pokemon anglais SCARLET & VIOLE ...,"<a href=""https://s.click.aliexpress.com/deep_link.htm?dl_target_url=https%3A%2F%2Fwww.aliexpress.com%2Fitem%2F1005007786344736.html%3F_randl_currency%3DEUR%26_randl_shipto%3DFR&src=google&aff_short_key=UneMJZVf&aff_platform=true&isdl=y"" target=""_blank"">Lien</a>",8.39,EUR,AliExpress,acheter booster pokemon 151 (2025-03-09 02:49:08)
Ronflex SV051 Alternative Pokémon Gallery - Ultraboost X Écarlate et Violet 3.5 ...,"<a href=""https://www.amazon.fr/Ronflex-SV051-Alternative-Pok%C3%A9mon-Gallery/dp/B0DG2FC5P9?source=ps-sl-shoppingads-lpcontext&ref_=fplfs&psc=1&smid=A2NQVKALPI2111"" target=""_blank"">Lien</a>",8.99,EUR,Amazon.fr - Seller,acheter booster pokemon 151 (2025-03-09 02:49:08)
Booster pokémon sv2a 151 Japonais,"<a href=""https://lj-collections.com/produit/booster-pokemon-sv2a-151-japonais/?srsltid=AfmBOoqTd4N2suOih1bitq_E2gbFX2MmbyvurXKq60P86FPsF0ZHhqFh4Vk"" target=""_blank"">Lien</a>",9.0,EUR,LJ collections,acheter booster pokemon 151 (2025-03-09 02:49:08)
Booster Pokemon Chinese 151C,"<a href=""https://www.pulps.fr/item/booster_pokemon_chinese_151c_498444"" target=""_blank"">Lien</a>",9.99,EUR,Pulp's,acheter booster pokemon 151 (2025-03-09 02:49:08)
Booster Pokemon Japonais 151 SV2A,"<a href=""https://www.pulps.fr/item/booster_pokemon_japonais_151_sv2a_363368"" target=""_blank"">Lien</a>",10.0,EUR,Pulp's,acheter booster pokemon 151 (2025-03-09 02:49:08)
"Lot de 2 boosters Pokémon 151 officiels, scellés","<a href=""https://www.beebs.app/fr/p/22813984-lot-de-2-boosters-pokemon-151-officiels-scelles"" target=""_blank"">Lien</a>",11.0,EUR,Beebs,acheter booster pokemon 151 (2025-03-09 02:49:08)
Pokémon Scarlet & Violet 151 (SV2a) Booster - JPN,"<a href=""https://japhunter.ch/fr/products/151-booster-sv2a?variant=49460661223747&country=BE&currency=EUR&utm_medium=product_sync&utm_source=google&utm_content=sag_organic&utm_campaign=sag_organic&srsltid=AfmBOopycZnITgmqboOaJp7__7iy6KJb3PP6ZLZr-OIXB3bVYSYAEliWTUs"" target=""_blank"">Lien</a>",11.95,EUR,JapHunter,acheter booster pokemon 151 (2025-03-09 02:49:08)
Carte Pokemon Booster Scarlet & Violet - 151 (sv2a),"<a href=""https://japanresell.fr/products/pokemon-151?variant=47185158897998&country=FR&currency=EUR&utm_medium=product_sync&utm_source=google&utm_content=sag_organic&utm_campaign=sag_organic&srsltid=AfmBOopU3ZWnEMjr9owf_Nxn7HiK4hir3Y9F-9YSTf0hNjHzHNp1ULudr6E"" target=""_blank"">Lien</a>",12.9,EUR,JapanResell,acheter booster pokemon 151 (2025-03-09 02:49:08)
Pokémon : 2 boosters + plumier Pikachu,"<a href=""https://www.lesdesmaskes.fr/boutique-en-ligne-v2/tous-les-produits/cartes-a-collectionner/pokemon/pokemon-bts-2-boosters-plumier-pikachu/"" target=""_blank"">Lien</a>",14.5,EUR,Les Dés masKés,acheter booster pokemon 151 (2025-03-09 02:49:08)
Carte Pokémon Booster 151 Chinois Promo Illustration Special - KFC,"<a href=""https://hikarudistribution.com/products/booster-promo-151-chinois-kfc?variant=50918916325709&country=FR&currency=EUR&utm_medium=product_sync&utm_source=google&utm_content=sag_organic&utm_campaign=sag_organic&srsltid=AfmBOorlXNAuMt8i0rzawhOsMElf0Fz80FEQWwspKk6wpNXCsHNGa4frUP0"" target=""_blank"">Lien</a>",14.9,EUR,Hikaru,acheter booster pokemon 151 (2025-03-09 02:49:08)
Pokémon Scarlet & Violet 151 Booster Pack,"<a href=""https://lichcards.nl/fr/products/pokemon-scarlet-violet-151-booster-pack?utm_source=google&utm_medium=organic&utm_campaign=FRfr&utm_content=Pok%C3%A9mon%20Scarlet%20%26%20Violet%20151%20Booster%20Pack&srsltid=AfmBOorTKG-sFYQHFHVs-gFr9wJPci9lFPuVbPOxGgVbYtuL-JgSFeKEixo"" target=""_blank"">Lien</a>",14.95,EUR,Lichcards,acheter booster pokemon 151 (2025-03-09 02:49:08)
Booster 151 - EV3.5,"<a href=""https://poke-machine.com/products/booster-151?variant=53860880286040&country=FR&currency=EUR&utm_medium=product_sync&utm_source=google&utm_content=sag_organic&utm_campaign=sag_organic&srsltid=AfmBOoqh-GX7CIc8LEUfXaPQpp7HPHqE_jBCHtjZ05FDh0IXixyHVOQarPg"" target=""_blank"">Lien</a>",16.9,EUR,Poké-machine,acheter booster pokemon 151 (2025-03-09 02:49:08)
Pokémon - Booster Français - EV3.5 - Booster Pokemon 151,"<a href=""https://www.ultrajeux.com/produit-26162-booster-francais-pokemon-ev35-booster-pokemon-151-000000000000a.html"" target=""_blank"">Lien</a>",19.9,EUR,UltraJeux,acheter booster pokemon 151 (2025-03-09 02:49:08)
Booster Pokémon 151 EV3.5,"<a href=""https://pokemagic.fr/products/booster-pokemon-151-ev3-5?variant=44492749930764&country=FR&currency=EUR&utm_medium=product_sync&utm_source=google&utm_content=sag_organic&utm_campaign=sag_organic&srsltid=AfmBOopMHH0exO7YoldvXHaSoAaI-YMEFR6jApatZum44Ndxcejh_daJRuE"" target=""_blank"">Lien</a>",19.99,EUR,Pokemagic,acheter booster pokemon 151 (2025-03-09 02:49:08)
"Lot de 4 boosters Pokémon 151 officiels, scellés","<a href=""https://www.beebs.app/fr/p/23050023-lot-de-4-boosters-pokemon-151-officiels-scelles"" target=""_blank"">Lien</a>",20.0,EUR,Beebs,acheter booster pokemon 151 (2025-03-09 02:49:08)
"Lot de 4 boosters Pokémon 151 officiels, scelles","<a href=""https://www.beebs.app/fr/p/23008384-lot-de-4-boosters-pokemon-151-officiels-scelles"" target=""_blank"">Lien</a>",20.0,EUR,Beebs,acheter booster pokemon 151 (2025-03-09 02:49:08)
360 pièces version française Pokémon TCG: Scarlet & Violet 151 classiques boîte d ...,"<a href=""https://s.click.aliexpress.com/deep_link.htm?dl_target_url=https%3A%2F%2Fwww.aliexpress.com%2Fitem%2F1005008305860794.html%3F_randl_currency%3DEUR%26_randl_shipto%3DFR&src=google&aff_short_key=UneMJZVf&aff_platform=true&isdl=y"" target=""_blank"">Lien</a>",22.59,EUR,AliExpress,acheter booster pokemon 151 (2025-03-09 02:49:08)
Pokemon Scarlet & Violet 151 Booster Pack,"<a href=""https://www.amazon.fr/Pokemon-151-unique-scell%C3%A9-Anglais/dp/B0CJ7P9LBN?source=ps-sl-shoppingads-lpcontext&ref_=fplfs&psc=1&smid=A1BFSIJ18OCURA"" target=""_blank"">Lien</a>",24.99,EUR,Amazon.fr - Seller,acheter booster pokemon 151 (2025-03-09 02:49:08)
Booster Pokémon collection 151 officiel,"<a href=""https://www.leboncoin.fr/ad/jeux_jouets/2933254773?srsltid=AfmBOoo5YE5ZaHgz1YPhpKgBogjEcVKbSYUE6BzQujrlvZFAfJndJ0TctGU"" target=""_blank"">Lien</a>",25.0,EUR,Leboncoin,acheter booster pokemon 151 (2025-03-09 02:49:08)
Pokémon - Pack 2 boosters Pondralugon,"<a href=""https://www.cultura.com/p-pack-pokemon-2-boosters-pondralugon-11606435.html"" target=""_blank"">Lien</a>",26.5,EUR,Cultura.com,acheter booster pokemon 151 (2025-03-09 02:49:08)
"Lot de 6 boosters 151 Pokémon 100% officiels, scellés","<a href=""https://www.beebs.app/fr/p/22760604-lot-de-6-boosters-151-pokemon-100-officiels-scelles"" target=""_blank"">Lien</a>",27.0,EUR,Beebs,acheter booster pokemon 151 (2025-03-09 02:49:08)
Lot de 4 boosters 151 Pokémon 100% officiels et scellés,"<a href=""https://www.beebs.app/fr/p/22259138-lot-de-4-boosters-151-pokemon-100-officiels-et-scelles"" target=""_blank"">Lien</a>",28.0,EUR,Beebs,acheter booster pokemon 151 (2025-03-09 02:49:08)
Lot 6 boosters cartes Pokémon neufs dont étincelles déferlantes et 151,"<a href=""https://www.beebs.app/fr/p/23328638-lot-6-boosters-cartes-pokemon-neufs-dont-etincelles-deferlantes-et-151"" target=""_blank"">Lien</a>",28.0,EUR,Beebs,acheter booster pokemon 151 (2025-03-09 02:49:08)
Booster Pokémon 151 (40 cartes),"<a href=""https://www.cartepokemonrare.com/produit/booster-pokemon-151-40-cartes/"" target=""_blank"">Lien</a>",29.9,EUR,Carte Pokemon Rare,acheter booster pokemon 151 (2025-03-09 02:49:08)
Booster Pokémon 151 (10 cartes) version japonaise,"<a href=""https://www.cartepokemonrare.com/produit/booster-pokemon-151-10-cartes/"" target=""_blank"">Lien</a>",29.9,EUR,Carte Pokemon Rare,acheter booster pokemon 151 (2025-03-09 02:49:08)
Cartes Pokémon 151 : lot 4 boosters neufs sortis de display,"<a href=""https://www.beebs.app/fr/p/23474669-cartes-pokemon-151-lot-4-boosters-neufs-sortis-de-display"" target=""_blank"">Lien</a>",29.99,EUR,Beebs,acheter booster pokemon 151 (2025-03-09 02:49:08)
2 booster Pokémon 151 scellé + sleeve booster,"<a href=""https://www.leboncoin.fr/ad/collection/2942108699?srsltid=AfmBOoq6Tfbe_LCaDebZ4Qj9U4I6s3yXbjkAEegMiLEPFFWxMKOk_M3AVKg"" target=""_blank"">Lien</a>",35.0,EUR,Leboncoin,acheter booster pokemon 151 (2025-03-09 02:49:08)
5 Boosters 151 Japonais,"<a href=""https://kinkai.fr/article/25821"" target=""_blank"">Lien</a>",35.0,EUR,Kinkai,acheter booster pokemon 151 (2025-03-09 02:49:08)
mini tin Ecarlate et Violet – 151 du JCC Pokémon FR,"<a href=""https://nika-gai.com/produit/mini-tin-ecarlate-et-violet-151-du-jcc-pokemon-fr/?srsltid=AfmBOoq4ULoNJZc-oTL2yTNYcvMeCCuUU0yoHGMt6VBzG2mdEQIPW5hYNYM"" target=""_blank"">Lien</a>",35.11,EUR,Nika-gai,acheter booster pokemon 151 (2025-03-09 02:49:08)
"Boîte à Cartes Pokémon Originale de Première Génération Version Japonaise, PTCG ...","<a href=""https://s.click.aliexpress.com/deep_link.htm?dl_target_url=https%3A%2F%2Fwww.aliexpress.com%2Fitem%2F1005007856684556.html%3F_randl_currency%3DEUR%26_randl_shipto%3DFR&src=google&aff_short_key=UneMJZVf&aff_platform=true&isdl=y"" target=""_blank"">Lien</a>",38.19,EUR,AliExpress,acheter booster pokemon 151 (2025-03-09 02:49:08)
"Lot de 8 boosters Pokémon 151 100% officiels, scellés","<a href=""https://www.beebs.app/fr/p/23767703-lot-de-8-boosters-pokemon-151-100-officiels-scelles"" target=""_blank"">Lien</a>",40.0,EUR,Beebs,acheter booster pokemon 151 (2025-03-09 02:49:08)
POKÉMON S-Chinois 7 boosters 151 de 2 cartes (inclu dans le start deck),"<a href=""https://www.mayapokemon.com/product-page/pok%C3%A9mon-cn-simplifi%C3%A9-7-boosters-151-de-2-cartes-inclu-dans-deck-box"" target=""_blank"">Lien</a>",44.99,EUR,Maya tcg,acheter booster pokemon 151 (2025-03-09 02:49:08)
Monster Ball Pokémon 151 Ecarlate & Violet,"<a href=""https://www.japanzon.com/fr/pokemon/39014-pokemon-store-pokemon-card-game-scarlet-violet-151-card-file-set-monster-ball-4521329345833.html?srsltid=AfmBOopZ24yZsMYNiCkwDM4HMhYfv0lGWQKaKPlwhF5dKZliEnEYI5gCcXA"" target=""_blank"">Lien</a>",49.19,EUR,Japanzon.com,acheter booster pokemon 151 (2025-03-09 02:49:08)
Lot de 6 boosters sv2a 151 neufs,"<a href=""https://www.leboncoin.fr/ad/collection/2940513730?srsltid=AfmBOooOCPDkHZePQy86dsCBwsut511Ksmbc54ts4qVtn6FDegC9NhVsOl0"" target=""_blank"">Lien</a>",50.0,EUR,Leboncoin,acheter booster pokemon 151 (2025-03-09 02:49:08)
Mew ex 151/165 - Ultraboost X Écarlate et Violet 3.5-151 Coffret de 10 Cartes ...,"<a href=""https://www.amazon.fr/Mew-151-165-Ultraboost-Fran%C3%A7aises/dp/B0DG24Z8KV?source=ps-sl-shoppingads-lpcontext&ref_=fplfs&psc=1&smid=A1X6FK5RDHNB96"" target=""_blank"">Lien</a>",50.46,EUR,Amazon.fr,acheter booster pokemon 151 (2025-03-09 02:49:08)
Pokémon JCC Coffret Collection Premium Sucreine-EX (6 Boosters) FR,"<a href=""https://www.joueclub.fr/pokemon/pokemon-coffret-sucreine-noel-0820650559433.html?srsltid=AfmBOop5qLAd1n2__9YL9rin7vdowGR2P_Hga-ciPhIO1oKM-jb1SmMZZQU"" target=""_blank"">Lien</a>",54.99,EUR,JouéClub,acheter booster pokemon 151 (2025-03-09 02:49:08)
Coffret Portfolio + 4 boosters Écarlate et Violet - 151 Pokémon,"<a href=""https://www.atmos-arena.com/shop/pokemon-ev3-5-151-coffret-portfolio-192"" target=""_blank"">Lien</a>",59.9,EUR,Atmos Arena,acheter booster pokemon 151 (2025-03-09 02:49:08)
JEU DE CARTES POKEMON CARTE POKÉMON ÉCARLATE ET VIOLET 151 ENSEMBLE DE FICHES DE ...,"<a href=""https://jumpichiban.com/fr/products/pokemon-card-game-scarlet-and-violet-pokemon-card-151-card-file-set-pokeball?variant=44080014819582&country=FR&currency=EUR&utm_medium=product_sync&utm_source=google&utm_content=sag_organic&utm_campaign=sag_organic&srsltid=AfmBOop-Zpd4Z0ZsKh1lTrj_QDDPk1BoCtg5cX7EkOe3iBP8tL9b8jZFO4I"" target=""_blank"">Lien</a>",59.9,EUR,JumpIchiban,acheter booster pokemon 151 (2025-03-09 02:49:08)
Display Pokémon Scarlet & Violet Card 151 SV2a - JapanGoodz 5 Packs,"<a href=""https://www.japangoodz.com/products/pokemon-card-game-scarlet-violet-151?variant=45497255756041&country=FR&currency=EUR&utm_medium=product_sync&utm_source=google&utm_content=sag_organic&utm_campaign=sag_organic&srsltid=AfmBOorP1kYlK-c8FsRx2fxxQe84de4B_MjLY9xkQJ73FMl7eC1ys3SEQcE"" target=""_blank"">Lien</a>",64.9,EUR,JapanGoodz,acheter booster pokemon 151 (2025-03-09 02:49:08)
Coffret Pokémon 4 boosters Alakazam-Ex - Ecarlate et Violet - 151 - Asmodée,"<a href=""https://nika-gai.com/produit/coffret-pokemon-alakazam-ex-151-fr/?srsltid=AfmBOoqYGAX_J-x1V-v5oXijiCHHY3Gyiib9G2PY49YT4rbXeQH3U-SI5Dc"" target=""_blank"">Lien</a>",64.97,EUR,Nika-gai,acheter booster pokemon 151 (2025-03-09 02:49:08)
Display 151 sv2a Coréen,"<a href=""https://pokeseoul.com/produit/display-151-sv2a-coreen/"" target=""_blank"">Lien</a>",64.99,EUR,Pokeseoul,acheter booster pokemon 151 (2025-03-09 02:49:08)
Coffret Poster Pokémon 151,"<a href=""https://oupi.eu/fr/coffret-pokemon/4798-coffret-collection-poster-pokemon-ecarlate-et-violet-151.html?srsltid=AfmBOootb_ad-5-RqcSLwwMXtdPehK-HsMDVMC4JMcA2Q5OBfix2OKJYlyY"" target=""_blank"">Lien</a>",65.9,EUR,Oupi,acheter booster pokemon 151 (2025-03-09 02:49:08)
Coffret Carte Pokémon 151 - Ensemble de fichiers de démarrage,"<a href=""https://pokemoncardsmarket.com/fr/products/coffret-pokemon-card-151-starter-file-set?variant=41930175807625&country=FR&currency=EUR&utm_medium=product_sync&utm_source=google&utm_content=sag_organic&utm_campaign=sag_organic&srsltid=AfmBOopXc0-LnOOhMa7JkXwtIXTIRI4h_4qp8UbA3X8ZIUArT3VM33qqP4I"" target=""_blank"">Lien</a>",69.9,EUR,Cartes Pokémon | Importées du Japon,acheter booster pokemon 151 (2025-03-09 02:49:08)
Display 151 Chinoise,"<a href=""https://cartesplus.fr/produit/display-151-chinoise/"" target=""_blank"">Lien</a>",69.9,EUR,Cartesplus,acheter booster pokemon 151 (2025-03-09 02:49:08)
Coffret Pokémon Card 151 - Starter File Set | Cartes Pokémon,"<a href=""https://cartespokemon.com/products/coffret-pokemon-card-151-starter-file-set?variant=46361211666686&country=FR&currency=EUR&utm_medium=product_sync&utm_source=google&utm_content=sag_organic&utm_campaign=sag_organic"" target=""_blank"">Lien</a>",69.9,EUR,Cartes Pokémon,acheter booster pokemon 151 (2025-03-09 02:49:08)
Booster Box Display Slim Pokémon 151C : Collect 151 Journey - CN (NEUF/SCELLE),"<a href=""https://universecards00.com/products/booster-box-display-slim-pokemon-151c-collect-151-journey-cn-neuf-scelle?variant=50301072015690&country=FR&currency=EUR&utm_medium=product_sync&utm_source=google&utm_content=sag_organic&utm_campaign=sag_organic&srsltid=AfmBOoqQHJe7q2gp3q_Rxx51yIPpNY5cCoH1xcIlBvdtDaz98dMf5Pz-1cI"" target=""_blank"">Lien</a>",69.99,EUR,Universe Cards,acheter booster pokemon 151 (2025-03-09 02:49:08)
Pokémon - Collect 151 : Journey (151C) - Display 15 Slim Boosters - CHN,"<a href=""https://shop.magicfranco.be/pokemon/30818-pokemon-collect-151-journey-151c-display-15-slim-boosters-chn.html?srsltid=AfmBOorVgWpl4QbNLUlFzF1UrA2PxVt4Y8PxgKqep-Twecs5BvyuLpy0uVI"" target=""_blank"">Lien</a>",69.99,EUR,MagicFranco,acheter booster pokemon 151 (2025-03-09 02:49:08)
1 DISPLAY POKÉMON 151 CHN SLIM (15 boosters) (boxbreak ou scellé),"<a href=""https://voggt.com/fr/products/12373357"" target=""_blank"">Lien</a>",70.0,EUR,Voggt,acheter booster pokemon 151 (2025-03-09 02:49:08)
Pokémon TCG: Scarlet & Violet 151 - Poster Collection,"<a href=""https://www.amazon.fr/Pok%C3%A9mon-Scarlet-Violet-Collection-Multicolore/dp/B0C8XZWKYD?source=ps-sl-shoppingads-lpcontext&ref_=fplfs&psc=1&smid=A1X6FK5RDHNB96"" target=""_blank"">Lien</a>",74.99,EUR,Amazon.fr,acheter booster pokemon 151 (2025-03-09 02:49:08)
Pokémon TCG Scarlet & Violet 151 6pk Booster Bundle,"<a href=""https://stockx.com/fr-fr/pokemon-tcg-scarlet-violet-151-6pk-booster-bundle?country=FR&currencyCode=EUR"" target=""_blank"">Lien</a>",76.0,EUR,StockX,acheter booster pokemon 151 (2025-03-09 02:49:08)
Pokémon 151 lot de 6 boosters FR EV3.5 Ecarlate et Violet,"<a href=""https://www.thegeekypop.com/fr/bureau/103-pokemon-ecarlate-et-violet-35-pack-de-6-boosters.html"" target=""_blank"">Lien</a>",79.9,EUR,Mediazone,acheter booster pokemon 151 (2025-03-09 02:49:08)
Display 151 SLIM PACK - Collect 151 Journey - Chinois Simplifié,"<a href=""https://pokeleman.fr/products/display-151-slim-pack-collect-151-journey-chinois-simplifie?variant=51310700855636&country=FR&currency=EUR&utm_medium=product_sync&utm_source=google&utm_content=sag_organic&utm_campaign=sag_organic&srsltid=AfmBOookxsIhKARvldmEnwUu9V8OIQEiKap669uJl0m3sc3MyZtPcY5zVNU"" target=""_blank"">Lien</a>",79.9,EUR,pokeleman.fr,acheter booster pokemon 151 (2025-03-09 02:49:08)
Display Chinois 151 SLIM,"<a href=""https://checkout.mikope.fr/products/precommande-display-chinois-151-slim?variant=50118276579666&country=FR&currency=EUR&utm_medium=product_sync&utm_source=google&utm_content=sag_organic&utm_campaign=sag_organic&srsltid=AfmBOopl0ZCXhNg4Gv6fa_NRqX9Aud5XHod2hlyMl8qVJi-L-cW5ReLvvrU"" target=""_blank"">Lien</a>",79.9,EUR,checkout.mikope.fr,acheter booster pokemon 151 (2025-03-09 02:49:08)
Collect 151 Journey 151C Regular Display chinois (x15 boosters),"<a href=""https://otakuland-mangapassion.com/2048764-Collect-151-Journey-151C-Regular-Display-chinois-x15-boosters"" target=""_blank"">Lien</a>",84.9,EUR,Otakuland - Manga Passion,acheter booster pokemon 151 (2025-03-09 02:49:08)
Coffret Collection Pokémon 151 EV3.5 Électhor-ex,"<a href=""https://www.mavillemonshopping.fr/fr/drulingen/barprive/loisirs-sport-et-culture/jouets-et-jeux/jeux-de-societe/produits/coffret-electhor-ex-pokemon-151"" target=""_blank"">Lien</a>",85.0,EUR,MaVilleMonShopping.fr,acheter booster pokemon 151 (2025-03-09 02:49:08)
Pokémon 151 Top Trainer Box,"<a href=""https://www.loreedesidees.fr/fr/pokemon/8465-pokemon-lot-de-booster-151-asmodee-820650556395.html"" target=""_blank"">Lien</a>",85.0,EUR,L'orée des idées,acheter booster pokemon 151 (2025-03-09 02:49:08)
Display de boosters Pokémon Coréen SV2a Pokémon 151,"<a href=""https://pokemael.com/products/display-de-boosters-pokemon-sv2a-pokemon-151?variant=51159139385671&country=FR&currency=EUR&utm_medium=product_sync&utm_source=google&utm_content=sag_organic&utm_campaign=sag_organic&srsltid=AfmBOoqGt_6t44ZXU4krvwVgnly9tp1uGdIkcMvhQY0w6_iXBm3V3XrnuhQ"" target=""_blank"">Lien</a>",95.0,EUR,PokeMaël,acheter booster pokemon 151 (2025-03-09 02:49:08)
Booster Pokémon 151 (360 cartes),"<a href=""https://www.cartepokemonrare.com/produit/booster-pokemon-151-360-cartes/"" target=""_blank"">Lien</a>",99.9,EUR,Carte Pokemon Rare,acheter booster pokemon 151 (2025-03-09 02:49:08)
Pokémon Ecarlate Et Violet 151 - Portfolio Capacité - 360 Cartes + 4 Boosters ...,"<a href=""https://www.mavillemonshopping.fr/fr/vierzon/playmogames-vierzon/loisirs-sport-et-culture/jouets-et-jeux/collection/produits/asmodee-pokemon-ecarlate-et-violet-151-3-5-portfolio-capacite-360-cartes-4-boosters-ecarlate-et-violet-151-occasion"" target=""_blank"">Lien</a>",109.9,EUR,MaVilleMonShopping.fr,acheter booster pokemon 151 (2025-03-09 02:49:08)
Pokémon Scarlet & Violet 151 Costco 5 Mini Tin Bundle (Tin Art Mary Vary),"<a href=""https://stockx.com/fr-fr/pokemon-scarlet-violet-151-costco-5-mini-tin-bundle-tin-art-mary-vary?country=FR&currencyCode=EUR"" target=""_blank"">Lien</a>",114.0,EUR,StockX,acheter booster pokemon 151 (2025-03-09 02:49:08)
Pokémon - Coffret Alakazam EX 151,"<a href=""https://www.cdiscount.com/juniors/jeux-de-societe-cartes/coffret-pokemon-alakazam-ex-ecarlate-et-violet-1/f-120791604-asm0820650556371.html"" target=""_blank"">Lien</a>",119.0,EUR,Cdiscount Marketplace,acheter booster pokemon 151 (2025-03-09 02:49:08)
Pokemon - Rouge Écarlate & Pourpre 151 Mewtwo Booster Bundle,"<a href=""https://www.amazon.fr/Pok%C3%A9mon-Boosterbundle/dp/B0CBD6R2FW?source=ps-sl-shoppingads-lpcontext&ref_=fplfs&psc=1&smid=A2W68NJA5YNXUP"" target=""_blank"">Lien</a>",119.69,EUR,Amazon.fr - Seller,acheter booster pokemon 151 (2025-03-09 02:49:08)
Pokémon - 151 (EV3.5) - Bundle de 6 boosters,"<a href=""https://shop.cafemeisia.com/produit/pokemon-ev03-5-151-bundle-6-boosters/"" target=""_blank"">Lien</a>",120.0,EUR,MEiSiA,acheter booster pokemon 151 (2025-03-09 02:49:08)
Japanese Display/Booster box Pokémon 151 - Trading Card Game TCG,"<a href=""https://kinkai.fr/article/37469"" target=""_blank"">Lien</a>",120.0,EUR,Kinkai,acheter booster pokemon 151 (2025-03-09 02:49:08)
Booster Pokémon 151 (50 cartes) version japonaise,"<a href=""https://www.cartepokemonrare.com/produit/booster-pokemon-151-50-cartes/"" target=""_blank"">Lien</a>",129.9,EUR,Carte Pokemon Rare,acheter booster pokemon 151 (2025-03-09 02:49:08)
Pack 151 Lucario : 1 Bundle 151 + 2 rangements Pokemon,"<a href=""https://pokesumo.com/pokemon-jcc/15303-pack-151-lucario-1-bundle-151-2-rangements-pokemon.html?srsltid=AfmBOoqGknfJrA1W4KX7cktdnk2Pl0QmdYcghCxNL4YPt3BitfJSSpmwNZA"" target=""_blank"">Lien</a>",129.99,EUR,Poke Sumo,acheter booster pokemon 151 (2025-03-09 02:49:08)
Pokémon TCG Scarlet & Violet 151 6pk Booster Bundle 2x Lot,"<a href=""https://stockx.com/fr-fr/pokemon-tcg-scarlet-violet-151-6pk-booster-bundle-2x-lot?country=FR&currencyCode=EUR"" target=""_blank"">Lien</a>",135.0,EUR,StockX,acheter booster pokemon 151 (2025-03-09 02:49:08)
Pokémon - Scarlet & Violet 151 Blooming Waters Premium Collection,"<a href=""https://stockx.com/fr-fr/pokemon-scarlet-violet-151-blooming-waters-premium-collection-box?country=FR&currencyCode=EUR"" target=""_blank"">Lien</a>",138.0,EUR,StockX,acheter booster pokemon 151 (2025-03-09 02:49:08)
Pokémon sv2a Collection 151 - Display 20 Boosters (Japonais),"<a href=""https://nexthobby.fr/produit/pokemon-sv2a-collection-151-display-20-boosters-japonais/?srsltid=AfmBOoo5HeRnIu_r8YA_rLJnrNya5BnfFBJ3hisv-nuesOwW1jrJJuGLBWg"" target=""_blank"">Lien</a>",149.9,EUR,Next Hobby,acheter booster pokemon 151 (2025-03-09 02:49:08)
Pokémon Scarlet & Violet Base Booster Box,"<a href=""https://cardgameworld.be/fr/accueil/243-pokemon-tcg-scarlet-violet-booster-box-0820650863240.html"" target=""_blank"">Lien</a>",159.95,EUR,cardgameworld,acheter booster pokemon 151 (2025-03-09 02:49:08)
Display de 20 boosters SV2A 151 / carte japonaise,"<a href=""https://ecardstore.fr/product/display-sv2a-pokemon-151-japonnais/"" target=""_blank"">Lien</a>",169.9,EUR,ecardstore.fr,acheter booster pokemon 151 (2025-03-09 02:49:08)
Display 151 (SV2A),"<a href=""https://pokuji.fr/boutique/cartes-a-collectionner-tcg/pokemon/display-sv2a-151-20-boosters/?utm_source=Google%20Shopping&utm_campaign=Google%20Merchant&utm_medium=cpc&utm_term=32712"" target=""_blank"">Lien</a>",179.99,EUR,Pokuji,acheter booster pokemon 151 (2025-03-09 02:49:08)
DISPLAY POKÉMON 151 SV2A AVEC BLISTER,"<a href=""https://www.lerepaireducollectionneur.fr/products/display-pokemon-151-sv2a-avec-blister?variant=47866764951900&country=FR&currency=EUR&utm_medium=product_sync&utm_source=google&utm_content=sag_organic&utm_campaign=sag_organic&srsltid=AfmBOooTXJGL4sp1700u5ORlQdeILHzkR681ATkiXCTbJC9-z2oEF3fTVd4"" target=""_blank"">Lien</a>",189.9,EUR,Lerepaireducollectionneur,acheter booster pokemon 151 (2025-03-09 02:49:08)
Pokémon Scarlet & Violet 151 (SV2a) Booster Display - JPN,"<a href=""https://japhunter.ch/fr/products/151-display-sv2a-box?variant=49461069087043&country=BE&currency=EUR&utm_medium=product_sync&utm_source=google&utm_content=sag_organic&utm_campaign=sag_organic&srsltid=AfmBOopgOgO9hJA4cXtHv6kSMgxBKf2re6V7A1CymUk2BeB71JF66bzfewY"" target=""_blank"">Lien</a>",189.95,EUR,JapHunter,acheter booster pokemon 151 (2025-03-09 02:49:08)
Boite de boosters de Pokémon Card 151,"<a href=""https://szadekshop.com/products/boite-de-boosters-de-pokemon-card-151?variant=47240534884686&country=FR&currency=EUR&utm_medium=product_sync&utm_source=google&utm_content=sag_organic&utm_campaign=sag_organic&srsltid=AfmBOoqwcvu13zZWVKf7SVlnUB739dEfbi80HvKHLbQwVdr1OpH_QD-D5rY"" target=""_blank"">Lien</a>",240.0,EUR,SzadekShop,acheter booster pokemon 151 (2025-03-09 02:49:08)
Pokemon Scarlet & Violet Booster Box,"<a href=""https://japan-figure.com/fr-fr/products/pokemon-tcg-scarlet-violet-booster-box-36-pack-english?currency=EUR&country=FR&variant=42861296287902&utm_source=google&utm_medium=cpc&utm_campaign=Google%20Shopping&stkn=c33014922a64&srsltid=AfmBOoqq_-o4WUGRHG4unQxjg0Y53I7AcyETL6SaZxFcXo_RLmOHy80ceDE"" target=""_blank"">Lien</a>",280.95,EUR,Japan Figure,acheter booster pokemon 151 (2025-03-09 02:49:08)
Coffret Dresseur d'Elite EV3.5 151 Pokémon,"<a href=""https://lectorshop.com/products/etb-coffret-dresseur-delite-pokemon-151-ev3-5-francais-scelle?variant=50654336385361&country=FR&currency=EUR&utm_medium=product_sync&utm_source=google&utm_content=sag_organic&utm_campaign=sag_organic&srsltid=AfmBOorb_fJAQ72xh8MrmF5PTM1IgFRDEbpE_xz1KjOAuGVPBAadAyalbLI"" target=""_blank"">Lien</a>",299.9,EUR,Lector Shop,acheter booster pokemon 151 (2025-03-09 02:49:08)
Coffret pokemon anglais UPC premium SV2A 151,"<a href=""https://www.driftparadiz.fr/products/coffret-anglais-upc-premium-sv2a-151?variant=49238478979409&country=FR&currency=EUR&utm_medium=product_sync&utm_source=google&utm_content=sag_organic&utm_campaign=sag_organic&srsltid=AfmBOopX7oCi3scoSAB4FYqQkbG9GPPq1xWrY5EDFAisQjTarp1zpW6mbIg"" target=""_blank"">Lien</a>",350.0,EUR,DPZ | DriftParadiZ,acheter booster pokemon 151 (2025-03-09 02:49:08)
Lot de 2 Coffrets Géant Pokemon 151 Eaux Florissantes Costco (10 promos + 24 ...,"<a href=""https://www.leboncoin.fr/ad/collection/2931150110?srsltid=AfmBOopeh2xsMFGuuX0XynyypvAWXFsF5b38w9fSZ6jFpKkBr2w4PbsCsEk"" target=""_blank"">Lien</a>",425.0,EUR,Leboncoin,acheter booster pokemon 151 (2025-03-09 02:49:08)
Display Pokemon de booster 151 - asmodee,"<a href=""https://www.loreedesidees.fr/fr/pokemon/10093-pokemon-lot-de-booster-151-asmodee-820650556425.html"" target=""_blank"">Lien</a>",450.0,EUR,L'orée des idées,acheter booster pokemon 151 (2025-03-09 02:49:08)
Pokémon 151 - Coffret Ultra Premium Mew-ex EV3.5,"<a href=""https://fr.shopping.rakuten.com/offer/buy/11613506091/asmodee-pokemon-ev3-5-coffret-ultra-prem-mew-ex-oct-23.html?fbbaid=16530728862&t=10059807&csp"" target=""_blank"">Lien</a>",595.0,EUR,Rakuten - Jeux-Video-et-Consoles - Occasion,acheter booster pokemon 151 (2025-03-09 02:49:08)
Vend carte pokémon 151,"<a href=""https://www.leboncoin.fr/ad/collection/2826488345?srsltid=AfmBOorNly_xSW6T0boeUqUr8Oi8DUvJgcsWhgncEunZL72tBTuaAhUxfFI"" target=""_blank"">Lien</a>",1000.0,EUR,Leboncoin,acheter booster pokemon 151 (2025-03-09 02:49:08)
Pokémon 151 full set,"<a href=""https://www.leboncoin.fr/ad/collection/2941672558?srsltid=AfmBOop8kK00o3AJv-Ol93p2wyH_ieUVt6-qWn_miEl2YbbNpacDtNN3mQg"" target=""_blank"">Lien</a>",1200.0,EUR,Leboncoin,acheter booster pokemon 151 (2025-03-09 02:49:08)
Master set 151 Pokémon,"<a href=""https://www.leboncoin.fr/ad/collection/2944041191?srsltid=AfmBOorEALIi-5ChVSt_ud8EVYrwb51s_ONqscxRpZwSH7mY6D_QAfbvuJw"" target=""_blank"">Lien</a>",1200.0,EUR,Leboncoin,acheter booster pokemon 151 (2025-03-09 02:49:08)
Pokémon 151 Lot EV3.5 Coffrets Bundles Displays neufs scellés,"<a href=""https://www.leboncoin.fr/ad/collection/2937360687?srsltid=AfmBOoo2lUKuOwqjNJG9xCwgyLXuz3KznIE4jMXggCx1QNwYhAOy8EQSt-0"" target=""_blank"">Lien</a>",1400.0,EUR,Leboncoin,acheter booster pokemon 151 (2025-03-09 02:49:08)
Pokémon : Display Bundle 151 Ev03.5/ev03.5 151 (neuf/scellé),"<a href=""https://www.ebay.fr/itm/387409365146?chn=ps&mkevt=1&mkcid=28&google_free_listing_action=view_item"" target=""_blank"">Lien</a>",1499.95,EUR,eBay - plazatcg,acheter booster pokemon 151 (2025-03-09 02:49:08)
Carte Pokémon 151 Fr Coffret Dresseur Élite + Boîte Lots De 6 Booster,"<a href=""https://fr.shopping.rakuten.com/offer/buy/13123050793/carte-pokemon-151-fr-coffret-dresseur-elite-boite-lots-de-6-booster.html?fbbaid=16388477079&t=9767706&csp"" target=""_blank"">Lien</a>",1500.0,EUR,Rakuten - Jeux-Video-et-Consoles - Occasion,acheter booster pokemon 151 (2025-03-09 02:49:08)
[MASTER SET] Master Set - EV03.5 - Pokémon 151 [FR],"<a href=""https://kairyu.fr/products/master-set-master-set-ev03-5-pokemon-151-fr?variant=49633321451855&country=FR&currency=EUR&utm_medium=product_sync&utm_source=google&utm_content=sag_organic&utm_campaign=sag_organic&srsltid=AfmBOooxTQpB-GFqoDee-fqMgmlDX43d6-_GopJ6t32520WXhWJoaRf9-R0"" target=""_blank"">Lien</a>",2190.9,EUR,Kairyu SAS,acheter booster pokemon 151 (2025-03-09 02:49:08)
Coffret Pokémon TCG Écarlate & Violet 151 Dresseur d'élite Centre Pokémon (lot de 4),"<a href=""https://stockx.com/fr-fr/pokemon-tcg-scarlet-violet-151-pokemon-center-elite-trainer-box-4x-lot?country=FR&currencyCode=EUR"" target=""_blank"">Lien</a>",2296.0,EUR,StockX,acheter booster pokemon 151 (2025-03-09 02:49:08)
case Scellée Pokémon De Displays De Bundles Pokémon 151 (ev3.5),"<a href=""https://www.ebay.fr/itm/375938850922?chn=ps&mkevt=1&mkcid=28&google_free_listing_action=view_item"" target=""_blank"">Lien</a>",7600.0,EUR,eBay - magpress87,acheter booster pokemon 151 (2025-03-09 02:49:08)
Booster Pokemon Pack loisirs écarlate et violet,"<a href=""https://geek-eure.fr/index.php?id_product=16230&rewrite=booster-pokemon-pack-loisirs-astres-radieux-&controller=product&srsltid=AfmBOop3PyV0_n7UPEgRkvsN9n2qBnR2Izdf7CqRi3To9zKvObztfKkrKr8"" target=""_blank"">Lien</a>",1.5,EUR,GEEK'Eure store,acheter booster pokemon écarlate et violet (2025-03-09 02:51:13)
Booster Pack Écarlate & Violet Future Flash | Cartes Pokémon,"<a href=""https://cartespokemon.com/products/booster-pack-ecarlate-violet-future-flash?variant=46359720526078&country=FR&currency=EUR&utm_medium=product_sync&utm_source=google&utm_content=sag_organic&utm_campaign=sag_organic"" target=""_blank"">Lien</a>",1.85,EUR,Cartes Pokémon,acheter booster pokemon écarlate et violet (2025-03-09 02:51:13)
Booster Pokemon 1 Carte Scarlet & Violet + 2 bonbons,"<a href=""https://www.pulps.fr/item/booster_pokemon_1_carte_scarlet__violet__2_bonbons_491289"" target=""_blank"">Lien</a>",3.0,EUR,Pulp's,acheter booster pokemon écarlate et violet (2025-03-09 02:51:13)
Nouveau Pokemon écarlate & Violet 40pc cartes évolution Booster cadeau jeu carte ...,"<a href=""https://s.click.aliexpress.com/deep_link.htm?dl_target_url=https%3A%2F%2Fwww.aliexpress.com%2Fitem%2F1005006708077647.html%3F_randl_currency%3DEUR%26_randl_shipto%3DFR&src=google&aff_short_key=UneMJZVf&aff_platform=true&isdl=y"" target=""_blank"">Lien</a>",3.19,EUR,AliExpress,acheter booster pokemon écarlate et violet (2025-03-09 02:51:13)
Booster Violet Ecarlate Ex Japonais,"<a href=""https://popcollector.fr/products/booster-violet-ecarlate-ex-japonais?variant=54175238521156&country=FR&currency=EUR&utm_medium=product_sync&utm_source=google&utm_content=sag_organic&utm_campaign=sag_organic&srsltid=AfmBOoo945i_y5mujH0CcMiERIES0POMhdi1GApVWlwaHvA7t65uQUxpF8A"" target=""_blank"">Lien</a>",3.5,EUR,popcollector.fr,acheter booster pokemon écarlate et violet (2025-03-09 02:51:13)
Pokémon - Booster Scarlet & Violet - SV1,"<a href=""https://www.bavixo.fr/p/pokemon-tcg-sv01-booster"" target=""_blank"">Lien</a>",5.99,EUR,bavixo.fr,acheter booster pokemon écarlate et violet (2025-03-09 02:51:13)
Booster de 10 Cartes supplementaires de l'extension SERIE N°1 2023 EV01 Ecarlate ...,"<a href=""https://natsume-corp.fr/products/blister-ecarlate-et-violet-fr?variant=46639071297878&country=FR&currency=EUR&utm_medium=product_sync&utm_source=google&utm_content=sag_organic&utm_campaign=sag_organic&srsltid=AfmBOoqGe0_qH4O9BWLvCvxqeYMwfGnQPwQk7JgJIHXEH00kNyH-_oWTO0I"" target=""_blank"">Lien</a>",6.0,EUR,Natsume Corp,acheter booster pokemon écarlate et violet (2025-03-09 02:51:13)
Pokémon - Booster Ev6.5 Écarlate Et Violet : Fable Nébuleuse (fr),"<a href=""https://www.poke-geek.fr/products/pokemon-booster-ev6-5-ecarlate-et-violet-fable-nebuleuse-fr?variant=48612531503436&currency=EUR&srsltid=AfmBOoo3RBsG8Cp7m4BLMSGE5L2xpaetC7ZQyiqrGVnnmnrJ7on0_tbticw"" target=""_blank"">Lien</a>",6.25,EUR,Poke-Geek,acheter booster pokemon écarlate et violet (2025-03-09 02:51:13)
Pokémon EV01 : Ecarlate et Violet Booster,"<a href=""https://lescontreesdujeu.com/produit/pokemon-ev01-ecarlate-et-violet-booster/"" target=""_blank"">Lien</a>",6.5,EUR,Les contrées du jeu,acheter booster pokemon écarlate et violet (2025-03-09 02:51:13)
Booster Blister Ecarlate et Violet,"<a href=""https://cartesplus.fr/produit/booster-blister-ecarlate-et-violet/"" target=""_blank"">Lien</a>",6.5,EUR,Cartesplus,acheter booster pokemon écarlate et violet (2025-03-09 02:51:13)
The Pokemon Company Pokemon: Scarlet & Violet -Twilight Masquerade Booster Pack ...,"<a href=""https://www.kids-world.com/fr-fr/cartes-collectionner-pokemon-assorti-scarlet-violet-p-351780.html?source=google_shopping&srsltid=AfmBOor0yCMyeLvgWUEm7zvRm8MSW7NzQ9LwWqn9b_zI4Mc8iEtxLSVYrYc"" target=""_blank"">Lien</a>",6.7,EUR,kids-world.com/fr-fr,acheter booster pokemon écarlate et violet (2025-03-09 02:51:13)
Booster Pokemon Ecarlate et violet Aléatoire,"<a href=""https://www.dealicash.fr/deco-bibelot-hobbies/473291-booster-pokemon-ecarlate-et-violet-al%C3%A9atoire?srsltid=AfmBOop8KxwqT8PASXcXOrH3zrYq1_jvMcNAN-lyIqDjUMZwdhNCc38jtKc"" target=""_blank"">Lien</a>",6.99,EUR,DEALiCASH,acheter booster pokemon écarlate et violet (2025-03-09 02:51:13)
"Pokemon TCG, Scarlet & Violet 7 Stellar Crown Sleeved Booster","<a href=""https://www.shopforgeek.com/fr/POKEMON-SV07-STELLAR-BLISTER-1BS-2024-09-EN-RANDOM-VISUAL-237554.html"" target=""_blank"">Lien</a>",6.99,EUR,ShopForGeek,acheter booster pokemon écarlate et violet (2025-03-09 02:51:13)
Booster Écarlate et Violet : Flammes obsidiennes - Pokémon FR,"<a href=""https://lslburst.com/products/booster-ecarlate-et-violet-flammes-obsidiennes-pokemon-fr?variant=47977306620239&country=FR&currency=EUR&utm_medium=product_sync&utm_source=google&utm_content=sag_organic&utm_campaign=sag_organic&srsltid=AfmBOopb5TaJI-SWuYpX21sH_f2psAVFFjL8_x-OeZoP5lN56dy0X52hzE0"" target=""_blank"">Lien</a>",7.9,EUR,Lslburst,acheter booster pokemon écarlate et violet (2025-03-09 02:51:13)
BOOSTER sous BLISTER Pokémon ECARLATE et VIOLET SV1 Leviator,"<a href=""https://tibichik.fr/products/booster-sous-blister-pokemon-ecarlate-et-violet-sv1?variant=42151783301293&country=FR&currency=EUR&utm_medium=product_sync&utm_source=google&utm_content=sag_organic&utm_campaign=sag_organic&srsltid=AfmBOoobFYFRcmNkHAhKVFT7GjiCRPJoWxD5xvdrAj0_S71KSLe6XKUkeSU"" target=""_blank"">Lien</a>",7.9,EUR,TibiChik,acheter booster pokemon écarlate et violet (2025-03-09 02:51:13)
Pokémon Booster Ecarlate Violet Evolutions À Paldéa Neuf,"<a href=""https://www.ebay.fr/itm/116402125027?chn=ps&mkevt=1&mkcid=28&google_free_listing_action=view_item"" target=""_blank"">Lien</a>",8.0,EUR,eBay - retroandco,acheter booster pokemon écarlate et violet (2025-03-09 02:51:13)
Pokemon Couronne Stellaire : Écarlate et Violet Pack 3 boosters Latias FR,"<a href=""https://www.diag-avignon.fr/forte-demande/11122-pokemon-fable-nebuleuse-booster-ecarlate-et-violet-fr-0657039411330.html"" target=""_blank"">Lien</a>",8.99,EUR,La Diagonale du Fou - Avignon,acheter booster pokemon écarlate et violet (2025-03-09 02:51:13)
Pokemon Écarlate et Violet Évolutions à Paldea Booster FR,"<a href=""https://www.diag-avignon.fr/forte-demande/9554-pokemon-ecarlate-et-violet-evolutions-a-paldea-booster-fr-0820650556579.html"" target=""_blank"">Lien</a>",8.99,EUR,La Diagonale du Fou - Avignon,acheter booster pokemon écarlate et violet (2025-03-09 02:51:13)
Booster EV01 Écarlate et Violet Pokémon - blister,"<a href=""https://www.ultrajeux.com/produit-25414-booster-francais-sous-blisters-pokemon-ev01-ecarlate-et-violet-blister-0820650556456.html"" target=""_blank"">Lien</a>",9.9,EUR,UltraJeux,acheter booster pokemon écarlate et violet (2025-03-09 02:51:13)
Pokémon – Booster – EV08 étincelles Déferlantes,"<a href=""https://poke-machine.com/products/booster-etincelles-deferlantes?variant=53931700027736&country=FR&currency=EUR&utm_medium=product_sync&utm_source=google&utm_content=sag_organic&utm_campaign=sag_organic&srsltid=AfmBOooXXerD9-DOsyRnJg3Obs8zAaAwjUsczwipLmTM0TUrUbwcF1aPlk8"" target=""_blank"">Lien</a>",9.9,EUR,Poké-machine,acheter booster pokemon écarlate et violet (2025-03-09 02:51:13)
Pokémon Écarlate & Violet Booster Pack Étincelles Surgissantes,"<a href=""https://lichcards.nl/fr/products/pokemon-scarlet-violet-surging-sparks-booster-pack?utm_source=google&utm_medium=organic&utm_campaign=FRfr&utm_content=Pok%C3%A9mon%20Scarlet%20%26%20Violet%20Surging%20Sparks%20Booster%20Pack&srsltid=AfmBOoqWaX00JgJTyw9Auxeq8Lfg12_-bGso7BIkxpx1XMuZh9hLob3noh8"" target=""_blank"">Lien</a>",9.95,EUR,Lichcards,acheter booster pokemon écarlate et violet (2025-03-09 02:51:13)
Pokémon Booster Ecarlate et Violet Série 1 (Ev01) | Jeu de société | Cartes à ...,"<a href=""https://www.cdiscount.com/electromenager/soin-de-la-personne-beaute/lampe-uv-ongles-gel-pose-americaine-usb-utraviolet/f-110570605-auc6941539212714.html"" target=""_blank"">Lien</a>",9.99,EUR,Cdiscount Marketplace,acheter booster pokemon écarlate et violet (2025-03-09 02:51:13)
Booster Pokemon Scarlet & Violet - Terastal Festival SV8a (Évolutions Prismatiques),"<a href=""https://japanresell.fr/products/booster-pokemon-scarlet-violet-terastal-festival-sv8a-precommande?variant=49852748235086&country=FR&currency=EUR&utm_medium=product_sync&utm_source=google&utm_content=sag_organic&utm_campaign=sag_organic&srsltid=AfmBOoo9P6WyI_rEUlGK7NqxwGWAdK7L_DFyp2_MbPx0TaHb-bbvD_2UAus"" target=""_blank"">Lien</a>",14.9,EUR,JapanResell,acheter booster pokemon écarlate et violet (2025-03-09 02:51:13)
Pokémon Violet écarlate PARADOX RIFT OBSIDIAM FLAMES Booster cartes Pokemon boîte ...,"<a href=""https://s.click.aliexpress.com/deep_link.htm?dl_target_url=https%3A%2F%2Fwww.aliexpress.com%2Fitem%2F1005008026038578.html%3F_randl_currency%3DEUR%26_randl_shipto%3DFR&src=google&aff_short_key=UneMJZVf&aff_platform=true&isdl=y"" target=""_blank"">Lien</a>",15.29,EUR,AliExpress,acheter booster pokemon écarlate et violet (2025-03-09 02:51:13)
Pokémon : Bundle 6 Boosters Écarlate et Violet EV6.5 Fable Nébuleuse,"<a href=""https://www.mana-noir.com/boosters/536-pokemon-ev065-fable-nebuleuse.html?srsltid=AfmBOoo2-EyQc24OmN1GaVBbrhJtz3aPUCR6h8ql7G3YJn7JMrp--ZzfHxM#/516-tcg_display_boosters-bundle_6_boosters"" target=""_blank"">Lien</a>",17.9,EUR,Mana Noir,acheter booster pokemon écarlate et violet (2025-03-09 02:51:13)
Pokemon blister - Écarlate & Violet (Pack de 3) Dondozo,"<a href=""https://vinticards.com/product/pokemon-ev01-ecarlate-et-violet-tripack-oyacata-fr/"" target=""_blank"">Lien</a>",17.95,EUR,VintiCards,acheter booster pokemon écarlate et violet (2025-03-09 02:51:13)
Tripack Mélo Écarlate et Violet : Forces Temporelles - Pokémon FR,"<a href=""https://www.amazon.fr/JCC-Pok%C3%A9mon-Temporelles-boosters-Carte-Brillante/dp/B0CVL99LH9?source=ps-sl-shoppingads-lpcontext&ref_=fplfs&psc=1&smid=A1X6FK5RDHNB96"" target=""_blank"">Lien</a>",17.99,EUR,Amazon.fr,acheter booster pokemon écarlate et violet (2025-03-09 02:51:13)
Pokémon JCC - Écarlate et Violet - Pack Blister de 3 Boosters Forces Temporelles ...,"<a href=""https://otakuland-mangapassion.com/1980078-Pokemon-JCC-Ecarlate-et-Violet-Pack-Blister-de-3-Boosters-Forces-Temporelles-Melo-ou-Motorizard-1-Tripack-aleatoire"" target=""_blank"">Lien</a>",18.9,EUR,Otakuland - Manga Passion,acheter booster pokemon écarlate et violet (2025-03-09 02:51:13)
Pack 3 boosters Pokémon - Ecarlate et Violet : Evolutions à Paldea,"<a href=""https://pokemagic.fr/products/tri-pack-pokemon-evolutions-a-paldea-ev2-forgerette?variant=44353258389772&country=FR&currency=EUR&utm_medium=product_sync&utm_source=google&utm_content=sag_organic&utm_campaign=sag_organic&srsltid=AfmBOopYRrsRPLN4jPQ8MQiEYVBqz5HuGSm9Dg2xOFr2cXlbwNOlAc1rzgQ"" target=""_blank"">Lien</a>",18.99,EUR,Pokemagic,acheter booster pokemon écarlate et violet (2025-03-09 02:51:13)
Pokemon - JCC - Ensemble de trois boosters Ecarlate et Violet Faille Paradoxe ...,"<a href=""https://lesmauvaisjoueurs-boutique.com/products/pokemon-ev04-faille-paradoxe-tripack"" target=""_blank"">Lien</a>",19.9,EUR,Les mauvais joueurs,acheter booster pokemon écarlate et violet (2025-03-09 02:51:13)
JCC Pokemon Blister de 3 boosters Forgelina Écarlate et Violet – Couronne ...,"<a href=""https://pikadi-collect.fr/products/blister-de-3-boosters-forgelina-ecarlate-et-violet-couronne-stellaire-3-boosters-et-1-carte-promo-brillante?variant=50856382234957&country=FR&currency=EUR&utm_medium=product_sync&utm_source=google&utm_content=sag_organic&utm_campaign=sag_organic&srsltid=AfmBOoqQHTlkMXL0Ijor4T4XUlm1ABFHmKs7IqVyWkc1NGUAP0D4ULXs9jA"" target=""_blank"">Lien</a>",19.9,EUR,Pikadi Collect,acheter booster pokemon écarlate et violet (2025-03-09 02:51:13)
POKEMON TRIPACK FABLE NEBULEUSE ECARLATE ET VIOLET 3 BOOSTERS,"<a href=""https://shop-in-touraine.fr/products/goncalves-lobo-numismatique-jouet-pokemon-tripack-fable-nebuleuse-ecarlate-et-violet-3-boosters-d3d41b9c-7e4b-433a-82a5-de022deb554c?srsltid=AfmBOopcZiTxy_HVxVPL9vY9bQk_qCCTHJoHt9FxmbEuDW_LmDeA6P9d7zo"" target=""_blank"">Lien</a>",19.9,EUR,Shop in touraine,acheter booster pokemon écarlate et violet (2025-03-09 02:51:13)
My Booster Palmaval 054/198 Holo ou Reverse (aléatoire) - Myboost x Écarlate et ...,"<a href=""https://figurineandpop.myshopify.com/products/palmaval-054-198-holo-ou-reverse-al-atoire-myboost-x-carlate-et-violet-01-coffret-de-10-cartes-pokemon-francaises?currency=EUR&variant=50513468195156&utm_source=google&utm_medium=cpc&utm_campaign=Google%20Shopping&stkn=50969e2f882a"" target=""_blank"">Lien</a>",20.0,EUR,Figurineandpop,acheter booster pokemon écarlate et violet (2025-03-09 02:51:13)
Pokémon EV01 : Ecarlate et Violet - Booster,"<a href=""https://www.carrefour.fr/p/pokemon-ev01-:-booster-0820650556449?s=3222"" target=""_blank"">Lien</a>",20.19,EUR,Carrefour,acheter booster pokemon écarlate et violet (2025-03-09 02:51:13)
Pack 3 Boosters - Pokémon - Ecarlate & Violet : Evolutions À Paldea...,"<a href=""https://fr.shopping.rakuten.com/offer/buy/11089244109/pack-3-boosters-pokemon.html?fbbaid=13829917550&t=180109&csp"" target=""_blank"">Lien</a>",21.99,EUR,Rakuten - discountshop,acheter booster pokemon écarlate et violet (2025-03-09 02:51:13)
Pokemon - JCC - blister de 3boosters Ronflex Ecarlate et Violet Mascarade ...,"<a href=""https://www.masteryeti.fr/produits/cartes-a-collectionner/pokemon/pokemon-pack-3-boosters-mascarade-crepusculaire/"" target=""_blank"">Lien</a>",24.0,EUR,Master Yeti,acheter booster pokemon écarlate et violet (2025-03-09 02:51:13)
Pokémon Booster x3 Ecarlate et Violet Oyacata Tripack EV01 Officiel Neuf sous Scellé,"<a href=""https://kinkai.fr/article/39958"" target=""_blank"">Lien</a>",25.0,EUR,Kinkai,acheter booster pokemon écarlate et violet (2025-03-09 02:51:13)
Pokemon Mascarade crépusculaire : Écarlate et Violet Pack 3 boosters Vrombotor FR,"<a href=""https://leclic.re/products/lork-et-le-nain-lork-et-le-nain-pokemon-ev06-mascarade-crepusculaire-pack-de-3-boosters-vrombrotor-07f5e247-eed8-45bc-8fad-f91c768ef2ab?srsltid=AfmBOooQB7AgyGuWiVdilylagAvaE8UzgjcoZB3_CSn7UMedP67nrzXyJZ0"" target=""_blank"">Lien</a>",27.3,EUR,Leclic.re,acheter booster pokemon écarlate et violet (2025-03-09 02:51:13)
Pokémon EV01: Pack 3 boosters Ecarlate et Violet,"<a href=""https://www.fnac.com/Carte-a-collectionner-Pokemon-EV01-Pack-3-boosters-Ecarlate-et-Violet/a17628024/w-4?oref=22997d1d-6308-a648-6c04-30a2c321ef2a&Origin=CMP_GOOGLE_FL_JOUET"" target=""_blank"">Lien</a>",29.9,EUR,Fnac,acheter booster pokemon écarlate et violet (2025-03-09 02:51:13)
Pokémon EV03 : Écarlate & Violet - Flammes Obsidiennes - Blister Artset,"<a href=""https://www.atmos-arena.com/shop/pokemon-ev03-ecarlate-violet-flammes-obsidiennes-blister-artset-182"" target=""_blank"">Lien</a>",29.9,EUR,Atmos Arena,acheter booster pokemon écarlate et violet (2025-03-09 02:51:13)
Pokémon - EV01 Écarlate et Violet - Tripack Oyacata,"<a href=""https://shop.cafemeisia.com/produit/pokemon-ev01-ecarlate-et-violet-tripack-oyacata/"" target=""_blank"">Lien</a>",30.0,EUR,MEiSiA,acheter booster pokemon écarlate et violet (2025-03-09 02:51:13)
Bundle de 6 boosters | Pokémon | Écarlate et Violet (EV6.5) | Fable Nébuleuse |,"<a href=""https://snooop.gg/products/vous-avez-dit-description-bundle-de-6-boosters-pokemon-ecarlate-et-violet-ev6-5-fable-nebuleuse?variant=52504901681475&country=FR&currency=EUR&utm_medium=product_sync&utm_source=google&utm_content=sag_organic&utm_campaign=sag_organic&srsltid=AfmBOoq0yWshKxH4414AvPztOlChacnXcXZ-uAgXa1JOjM6B1TCoSoRUbkM"" target=""_blank"">Lien</a>",34.9,EUR,Snooop,acheter booster pokemon écarlate et violet (2025-03-09 02:51:13)
mini tin Ecarlate et Violet – 151 du JCC Pokémon FR,"<a href=""https://nika-gai.com/produit/mini-tin-ecarlate-et-violet-151-du-jcc-pokemon-fr/?srsltid=AfmBOorcBF2ds4lmr4huk46pxrbpSsAdpgCdf8bMDH2CU9UXP4Mr2xq5BJg"" target=""_blank"">Lien</a>",35.11,EUR,Nika-gai,acheter booster pokemon écarlate et violet (2025-03-09 02:51:13)
Pokemon EX Premium Trainer Box Scarlet and Violet,"<a href=""https://japan-figure.com/fr-fr/products/pokemon-card-game-scarlet-violet-premium-trainer-box-ex?currency=EUR&country=FR&variant=42358672883870&utm_source=google&utm_medium=cpc&utm_campaign=Google%20Shopping&stkn=c33014922a64&srsltid=AfmBOopaTDsHMyftO36vl1cJL9ry96G-eCLLj3aMdR-z1BlfYvoXiWncRGk"" target=""_blank"">Lien</a>",46.95,EUR,Japan Figure,acheter booster pokemon écarlate et violet (2025-03-09 02:51:13)
Monster Ball Pokémon 151 Ecarlate & Violet,"<a href=""https://www.japanzon.com/fr/pokemon/39014-pokemon-store-pokemon-card-game-scarlet-violet-151-card-file-set-monster-ball-4521329345833.html?srsltid=AfmBOoqoSsQ8EkbQka_ZoF7bkp6qo77hB5YhFRTfOLi6Ke9OMz6JeNZTLvQ"" target=""_blank"">Lien</a>",49.19,EUR,Japanzon.com,acheter booster pokemon écarlate et violet (2025-03-09 02:51:13)
Pokémon Scarlet & Violet – Twilight Masquerade Elite Trainer Box,"<a href=""https://nexthobby.fr/produit/pokemon-sv06-twilight-masquerade-coffret-dresseur-delite-anglais/?srsltid=AfmBOort2on0Q5L9maocmzPxff4KGnh4rLdeyh361Y3DDZ2_wZeJjNbGQ2I"" target=""_blank"">Lien</a>",49.9,EUR,Next Hobby,acheter booster pokemon écarlate et violet (2025-03-09 02:51:13)
Pokémon Future Flash SV4M | Booster Box - Display,"<a href=""https://pokuji.fr/boutique/cartes-a-collectionner-tcg/pokemon/display-sv4m-future-flash-30-boosters/?utm_source=Google%20Shopping&utm_campaign=Google%20Merchant&utm_medium=cpc&utm_term=35437"" target=""_blank"">Lien</a>",52.99,EUR,Pokuji,acheter booster pokemon écarlate et violet (2025-03-09 02:51:13)
Pokémon Booster Box Scarlet & Violet SV4M: Future Flash JAP 30 Boosters,"<a href=""https://cardgameworld.be/fr/accueil/841-pokemon-booster-box-scarlet-violet-sv4m-future-flash-jap-30-boosters-4521329394756.html"" target=""_blank"">Lien</a>",54.95,EUR,cardgameworld,acheter booster pokemon écarlate et violet (2025-03-09 02:51:13)
Coffret de présentation Super Electric Breaker Écarlate & Violet,"<a href=""https://pokemoncardsmarket.com/fr/products/display-box-ecarlate-violet-super-electric-breaker?variant=43051871404169&country=FR&currency=EUR&utm_medium=product_sync&utm_source=google&utm_content=sag_organic&utm_campaign=sag_organic&srsltid=AfmBOoq-kQntzXNFvuzzIJnBQzXZnDvyt-lCPETi3kdo-wiTR9YJB5JewUE"" target=""_blank"">Lien</a>",55.0,EUR,Cartes Pokémon | Importées du Japon,acheter booster pokemon écarlate et violet (2025-03-09 02:51:13)
Pokemon TCG: Scarlet & Violet Build & Battle Stadium,"<a href=""https://www.tradingcard6107.fr/pokemon-combat-ev-ecarlate-violet"" target=""_blank"">Lien</a>",55.0,EUR,Tradingcard6107,acheter booster pokemon écarlate et violet (2025-03-09 02:51:13)
Coffret Portfolio + 4 boosters Écarlate et Violet - 151 Pokémon,"<a href=""https://www.atmos-arena.com/shop/pokemon-ev3-5-151-coffret-portfolio-192"" target=""_blank"">Lien</a>",59.9,EUR,Atmos Arena,acheter booster pokemon écarlate et violet (2025-03-09 02:51:13)
Lot de Mini Boîtes Écarlate et Violet Fable Nébuleuse JCC Pokémon,"<a href=""https://www.amazon.fr/JCC-Pok%C3%A9mon-Mini-bo%C3%AEtes-N%C3%A9buleuse-Contenant/dp/B0DBZY5QDC?source=ps-sl-shoppingads-lpcontext&ref_=fplfs&psc=1&smid=A1X6FK5RDHNB96"" target=""_blank"">Lien</a>",59.99,EUR,Amazon.fr,acheter booster pokemon écarlate et violet (2025-03-09 02:51:13)
Pokémon Scarlet & Violet Stellar Miracle (sv7) Booster Display,"<a href=""https://japhunter.ch/fr/products/stellar-miracle-sv7?variant=49464407523651&country=BE&currency=EUR&utm_medium=product_sync&utm_source=google&utm_content=sag_organic&utm_campaign=sag_organic&srsltid=AfmBOor7v0fcWzSSfW8XRngSTk4GKKsg-RdoZUGGVP9D9xRIgCChCjZL6Es"" target=""_blank"">Lien</a>",61.95,EUR,JapHunter,acheter booster pokemon écarlate et violet (2025-03-09 02:51:13)
Pokémon TCG: Scarlet & Violet - Paradox Rift - Build & Battle Stadium,"<a href=""https://www.europosters.fr/merch/pok-mon-tcg-sv04-paradox-rift-build-battle-stadium-v158898?srsltid=AfmBOopSBHM3beyk1nGO6N3dqeL2zia_Xgp7mGYlc1g_RdFGdRa65hDYPJ4"" target=""_blank"">Lien</a>",62.99,EUR,Europosters.fr,acheter booster pokemon écarlate et violet (2025-03-09 02:51:13)
Pokémon TCG - Scarlet & Violet - Shrouded Fable Elite Trainer Box,"<a href=""https://jap-one.com/fr/pokemon-tcg-sv-6-5-elite-trainer-box-anglais-820650858536.html"" target=""_blank"">Lien</a>",64.95,EUR,jap-one.com,acheter booster pokemon écarlate et violet (2025-03-09 02:51:13)
Pack Booster - Pokemon - Ecarlate & Violet Pack Shiny Treasure (cartes Japonaise,"<a href=""https://kartenschatz.de/fr/products/pokemon-shiny-treasure-ex-display-sv4a?variant=45179486568716&country=BE&currency=EUR&utm_medium=product_sync&utm_source=google&utm_content=sag_organic&utm_campaign=sag_organic&srsltid=AfmBOoqqPuKC04w6KrcFnPrZ6ond1lIg18EIhFq5o2rquq027L9ZmN3NrI4"" target=""_blank"">Lien</a>",65.99,EUR,Kartenschatz,acheter booster pokemon écarlate et violet (2025-03-09 02:51:13)
Pokémon Coffret Build and Battle Ecarlate et Violet FR,"<a href=""https://ecardstore.fr/product/pokemon-coffret-build-battle-evolution-a-paldea-fr/"" target=""_blank"">Lien</a>",69.9,EUR,ecardstore.fr,acheter booster pokemon écarlate et violet (2025-03-09 02:51:13)
2 Artset - 8 Booster-Blister Pokémon Écarlate Et Violet EV1 FR Scellé Mint Neuf,"<a href=""https://www.beebs.app/fr/p/24047267-2-artset-8-booster-blister-pokemon-ecarlate-et-violet-ev-1-fr-scelle-mint-neuf"" target=""_blank"">Lien</a>",70.0,EUR,Beebs,acheter booster pokemon écarlate et violet (2025-03-09 02:51:13)
Pokémon Coffret Stade Stratégies et Combats EV01 : Ecarlate et Violet,"<a href=""https://pika-boutique.fr/products/coffret-strategies-et-combats-ev01?variant=44405770780936&country=FR&currency=EUR&utm_medium=product_sync&utm_source=google&utm_content=sag_organic&utm_campaign=sag_organic&srsltid=AfmBOopTFna4SmlcWJME5rSGNhu8haKE4YtuwrQ-sWnGblG3mMZ8lfYtmtA"" target=""_blank"">Lien</a>",74.9,EUR,Pika-boutique,acheter booster pokemon écarlate et violet (2025-03-09 02:51:13)
Pokémon - Destinées de Paldea - Bundle 6 boosters,"<a href=""https://lesgentlemendujeu.com/pokemon-ev045-destinees-de-paldea/5104-pokemon-ev045-bundle-6-boosters-destinees-de-paldea-0820650557620.html?srsltid=AfmBOooCcj_AeWp7OUldKIC-jvN-xRU_kiisyulgaSvtiTuKjRmkUdjqBU8"" target=""_blank"">Lien</a>",74.9,EUR,Les Gentlemen du Jeu,acheter booster pokemon écarlate et violet (2025-03-09 02:51:13)
Wild Force Pokemon Scarlet & Violet Box 30 Boosters JAP,"<a href=""https://pokecardsstore.it/fr/products/tcg-pokemon-card-game-wild-force-booster-box-sv5k-japanese?srsltid=AfmBOopXHqVwhXZCAk5z1C_oScYT_s-_Z-VdW5vgQJpQ_D-WGXl6HS8AyUM"" target=""_blank"">Lien</a>",74.9,EUR,Pokecardsstore,acheter booster pokemon écarlate et violet (2025-03-09 02:51:13)
Coffret Pokémon Dresseur d'Elite : Ecarlate et Violet 8.5 - évolutions prismatiques,"<a href=""https://www.goretrogaming.com/product/coffret-pokemon-dresseur-delite-ecarlate-et-violet-8-5-evolutions-prismatiques/"" target=""_blank"">Lien</a>",75.0,EUR,GoRetroGaming.com,acheter booster pokemon écarlate et violet (2025-03-09 02:51:13)
Coffret Pokémon 4 boosters Alakazam-ex - Ecarlate et Violet - 151 - Asmodée,"<a href=""https://voggt.com/fr/products/12363148"" target=""_blank"">Lien</a>",75.0,EUR,Voggt,acheter booster pokemon écarlate et violet (2025-03-09 02:51:13)
Display - Pokemon - Ecarlate Et Violet Ancient Roar 30 Boosters (version Jap.),"<a href=""https://www.galaxus.fr/fr/s5/product/the-pokemon-company-scarlet-violet-ancient-roar-sv4k-booster-display-japonais-cartes-a-collectionner-39809168?utm_campaign=organicshopping&utm_source=google&utm_medium=organic&utm_content=2705624&supplier=2705624"" target=""_blank"">Lien</a>",78.55,EUR,Galaxus,acheter booster pokemon écarlate et violet (2025-03-09 02:51:13)
Pokémon 151 lot de 6 boosters FR EV3.5 Ecarlate et Violet,"<a href=""https://www.thegeekypop.com/fr/bureau/103-pokemon-ecarlate-et-violet-35-pack-de-6-boosters.html"" target=""_blank"">Lien</a>",79.9,EUR,Mediazone,acheter booster pokemon écarlate et violet (2025-03-09 02:51:13)
Jeu de Cartes Pokémon Raging Surf Scarlet & Violet Booster Box SV3A,"<a href=""https://www.japangoodz.com/products/pokemon-scarlet-violet-raging-surf?variant=45499707654409&country=FR&currency=EUR&utm_medium=product_sync&utm_source=google&utm_content=sag_organic&utm_campaign=sag_organic&srsltid=AfmBOooMLqDUVcC1NyipOX84skQHJA2tszsh7P03f_n0aLIDKGhmVEsPofw"" target=""_blank"">Lien</a>",79.9,EUR,JapanGoodz,acheter booster pokemon écarlate et violet (2025-03-09 02:51:13)
Booster Box 30 Boosters Violet Ecarlate Ex Japonais,"<a href=""https://popcollector.fr/products/booster-box-30-boosters-violet-ex-japonais?variant=54175130222916&country=FR&currency=EUR&utm_medium=product_sync&utm_source=google&utm_content=sag_organic&utm_campaign=sag_organic&srsltid=AfmBOorvgR4tX-PQezrNVkd3UAP0pog8glJhxW3yocOSXLUBO97Y-do4h2M"" target=""_blank"">Lien</a>",79.99,EUR,popcollector.fr,acheter booster pokemon écarlate et violet (2025-03-09 02:51:13)
Pokémon - Évolutions Prismatiques - Bundle 6 boosters EV8.5,"<a href=""https://www.bcd-jeux.fr/jeux-de-cartes-a-collectionner-pokemon/27773-pokemon-bundle-6-boosters-ev8-5-evolutions-prismatiques-pokemon.html?srsltid=AfmBOoptWUCsPHUH7lLgBJXTwaSNVEDLrnYARo8s3KZAkjpU976q7RkGAgI"" target=""_blank"">Lien</a>",89.0,EUR,BCD Jeux,acheter booster pokemon écarlate et violet (2025-03-09 02:51:13)
"Pokémon TCG Scarlet & Violet 03,5 boosters Bundle (anglais)","<a href=""https://collectibles.ninja/fr/booster-bundle/1671-pokemon-scarlet-violet-151-booster-bundle--0820650853210.html?srsltid=AfmBOoqR5j4N-ODXMsSt-QbwkR_ZJb1hLObYDI5fa_e3XWkapgnuuEtOiXQ"" target=""_blank"">Lien</a>",89.95,EUR,Collectibles Ninja,acheter booster pokemon écarlate et violet (2025-03-09 02:51:13)
[NEUF-FR] Pokémon - Ecarlate et Violet - EV03.5 - 151 - Bundle 6 boosters,"<a href=""https://www.leboncoin.fr/ad/collection/2922973507?srsltid=AfmBOor1PWK2EwippEcb5ZbrmAVlgSlct3WIkAgxJTWT5lErtkJEkjb86oI"" target=""_blank"">Lien</a>",95.0,EUR,Leboncoin,acheter booster pokemon écarlate et violet (2025-03-09 02:51:13)
Booster Pokémon Ecarlate et Violet - Shrouded Fable (360 pièces),"<a href=""https://www.cartepokemonrare.com/produit/booster-pokemon-ecarlate-et-violet-shrouded-fable-360-pieces/"" target=""_blank"">Lien</a>",99.9,EUR,Carte Pokemon Rare,acheter booster pokemon écarlate et violet (2025-03-09 02:51:13)
Booster Pokémon Ecarlate et Violet - Evolutions à Paldea (360 pièces),"<a href=""https://www.cartepokemonrare.com/produit/booster-pokemon-ecarlate-et-violet-evolutions-a-paldea-360-pieces/"" target=""_blank"">Lien</a>",99.9,EUR,Carte Pokemon Rare,acheter booster pokemon écarlate et violet (2025-03-09 02:51:13)
Display Booster - Pokemon - Ecarlate Et Violet Pack Snow Hazard (cartes Japonaises),"<a href=""https://www.micromania.fr/pack-booster-pokemon-ecarlate-et-violet-pack-snow-hazard-cartes-japonaises-136856.html?srsltid=AfmBOorD0gZrCddjOlA9cP7RlPtSvdQib3sVYeQbZZx0qm3c6j1esaYAZ4E"" target=""_blank"">Lien</a>",99.99,EUR,micromania.fr,acheter booster pokemon écarlate et violet (2025-03-09 02:51:13)
Lot de Boosters Pokémon Écarlate et Violet 151,"<a href=""https://www.beebs.app/fr/p/22538011-lot-de-boosters-pokemon-ecarlate-et-violet-151"" target=""_blank"">Lien</a>",100.0,EUR,Beebs,acheter booster pokemon écarlate et violet (2025-03-09 02:51:13)
Pokémon - 151 (EV3.5) - Bundle de 6 boosters,"<a href=""https://oupi.eu/fr/displays-boites-de-boosters-pokemon/4654-bundle-lot-de-6-boosters-ecarlate-et-violet-151-pokemon.html?srsltid=AfmBOopxTNwQQparfzx_lXfMGfoiOlcmAhlBXNv8h60bkR0LBzOKeWyzvkU"" target=""_blank"">Lien</a>",105.9,EUR,Oupi,acheter booster pokemon écarlate et violet (2025-03-09 02:51:13)
Pokemon - JCC - présentoir de boosters Ecarlate et Violet Mascarade crépusculaire ...,"<a href=""https://www.amazon.fr/Pok%C3%A9mon-pr%C3%A9sentoir-Mascarade-Cr%C3%A9pusculaire-18-boosters/dp/B0D2Y2G6PZ?source=ps-sl-shoppingads-lpcontext&ref_=fplfs&psc=1&smid=A1X6FK5RDHNB96"" target=""_blank"">Lien</a>",107.82,EUR,Amazon.fr,acheter booster pokemon écarlate et violet (2025-03-09 02:51:13)
JEU DE CARTES POKEMON SCARLET ET VIOLET EXTENSION PACK VIOLET EX (BOITE),"<a href=""https://jumpichiban.com/fr/products/pokemon-card-game-scarlet-and-violet-expansion-pack-violet-ex-box?variant=44035641409790&country=FR&currency=EUR&utm_medium=product_sync&utm_source=google&utm_content=sag_organic&utm_campaign=sag_organic&srsltid=AfmBOoqkNlj9qNZP9QNBf-sXL_l4yQzzYKUYf6HyDiSvbUi0r-h1LgaafaA"" target=""_blank"">Lien</a>",109.9,EUR,JumpIchiban,acheter booster pokemon écarlate et violet (2025-03-09 02:51:13)
Pokémon Ecarlate Et Violet 151 - Portfolio Capacité - 360 Cartes + 4 Boosters ...,"<a href=""https://www.mavillemonshopping.fr/fr/vierzon/playmogames-vierzon/loisirs-sport-et-culture/jouets-et-jeux/collection/produits/asmodee-pokemon-ecarlate-et-violet-151-3-5-portfolio-capacite-360-cartes-4-boosters-ecarlate-et-violet-151-occasion"" target=""_blank"">Lien</a>",109.9,EUR,MaVilleMonShopping.fr,acheter booster pokemon écarlate et violet (2025-03-09 02:51:13)
Pack de boosters Écarlate et Violet du JCC Pokémon 2x Lot,"<a href=""https://stockx.com/fr-fr/pokemon-tcg-scarlet-violet-booster-bundle-2x-lot?country=FR&currencyCode=EUR"" target=""_blank"">Lien</a>",116.0,EUR,StockX,acheter booster pokemon écarlate et violet (2025-03-09 02:51:13)
"Pokemon Card Game TCG Scarlet & Violet Terastal Festival High Class Pack, Sealed Box","<a href=""https://hikarudistribution.com/products/display-terastal-festival-sv8a-japonais?variant=50195413893453&country=FR&currency=EUR&utm_medium=product_sync&utm_source=google&utm_content=sag_organic&utm_campaign=sag_organic&srsltid=AfmBOorgdnXWqXfIjqUZWDzBslb8GPzB6EHdDx5FpqAlDT2HERr9uERLmLM"" target=""_blank"">Lien</a>",124.9,EUR,Hikaru,acheter booster pokemon écarlate et violet (2025-03-09 02:51:13)
Pokémon - Coffret Dresseur d'élite - EV01 Écarlate et Violet,"<a href=""https://www.fnac.com/Carte-a-collectionner-Pokemon-EV01-Coffret-Dresseur-d-Elite-Ecarlate-et-Violet/a17628030/w-4?oref=deb39096-e43c-e6ec-1b26-2ee01011dae0&Origin=CMP_GOOGLE_FL_JOUET"" target=""_blank"">Lien</a>",142.4,EUR,Fnac,acheter booster pokemon écarlate et violet (2025-03-09 02:51:13)
Pokemon TCG - SV1V - Violet EX (Box / 30 Pack),"<a href=""https://www.darty.com/nav/achat/ref/MC350856817.html?ofmp=1099896908&dartycid=sem_free-listing_MP-jouets_jeu-de-societe"" target=""_blank"">Lien</a>",157.83,EUR,Darty,acheter booster pokemon écarlate et violet (2025-03-09 02:51:13)
35 Booster Mascarade Crépusculaire EV06 - Sous Blisters,"<a href=""https://retroparty.shop/products/booster-mascarade-crepusculaire-ev06-sous-blisters?variant=48202393682185&country=FR&currency=EUR&utm_medium=product_sync&utm_source=google&utm_content=sag_organic&utm_campaign=sag_organic&srsltid=AfmBOoqoaGv9YchTBGSQDzek3uHa9V1NKEo7YfvGgJDGGbqrzvKROzP5iQw"" target=""_blank"">Lien</a>",165.0,EUR,RetroParty,acheter booster pokemon écarlate et violet (2025-03-09 02:51:13)
Pack Booster - Pokemon - Ecarlate Et Violet 151 Sv2a (cartes Japonaises),"<a href=""https://pokemagic.nl/fr/Les-produits/Pok%C3%A9mon-Japonais-151-Booster-Box-SV2A/"" target=""_blank"">Lien</a>",169.95,EUR,Pokemagic,acheter booster pokemon écarlate et violet (2025-03-09 02:51:13)
Scarlett & Violet - Elite Trainer Box,"<a href=""https://www.joom.com/fr/products/67a5f4026e42dc019e22aaa1?currency=EUR&utm_productid=67a5f4026e42dc019e22aaa1&utm_feed=main&utm_hash=17e25b7163cebd5a74dffe70f5df3e67&variant_id=67a5f4026e42dcb59e22aaa3&gsAttrs=eyJyZWdpb24iOiJGUiIsICJzcGVjaWFsUHJpY2VVc2VkIjpmYWxzZX0g&exp_price=MTgxLjcz&utm_audienceid=advertising_web_gg_2d&srsltid=AfmBOorYvnwRSXIfbMwRCHwkVwSOt-sZcTHgjNjRhHec_DEyTDItqQXuG00"" target=""_blank"">Lien</a>",181.73,EUR,Joom,acheter booster pokemon écarlate et violet (2025-03-09 02:51:13)
Lot 36 boosters Pokémon Écarlate et Violet,"<a href=""https://www.leboncoin.fr/ad/collection/2936825506?srsltid=AfmBOop-EvcK3Ny2LSwHC0uV_XAU1b1aPh1QDUJHp8lw8BdA8AvvHMfpntg"" target=""_blank"">Lien</a>",185.0,EUR,Leboncoin,acheter booster pokemon écarlate et violet (2025-03-09 02:51:13)
POKEMON - Coffret ecarlate et violet haut de gamme,"<a href=""https://www.gatsu-gatsu.fr/products/pokemon-coffret-ecarlate-et-violet-haut-de-gamme?variant=54080071663961&country=FR&currency=EUR&utm_medium=product_sync&utm_source=google&utm_content=sag_organic&utm_campaign=sag_organic&srsltid=AfmBOoo4MBtKUDGgGFrKu0LURbRG3sdbvV7-9qCP_wZPbHYKw0zoD7H_LOs"" target=""_blank"">Lien</a>",192.5,EUR,Gatsu Gatsu,acheter booster pokemon écarlate et violet (2025-03-09 02:51:13)
Pokemon Scarlet & Violet Booster Box,"<a href=""https://stockx.com/fr-fr/pokemon-tcg-scarlet-violet-booster-box?country=FR&currencyCode=EUR"" target=""_blank"">Lien</a>",197.0,EUR,StockX,acheter booster pokemon écarlate et violet (2025-03-09 02:51:13)
Display 36 boosters Pokémon Couronne Stellaire Écarlate et Violet – Cartes rares ...,"<a href=""https://www.guizettefamily.com/produit/display-pokemon-ev07-couronne-stellaire-36-boosters-fr/"" target=""_blank"">Lien</a>",199.0,EUR,Guizette Family TCG,acheter booster pokemon écarlate et violet (2025-03-09 02:51:13)
Pokémon Scarlet & Violet – Twilight Masquerade Booster Display,"<a href=""https://www.laced.com/fr/products/pokemon-tcg-scarlet-violet-twilight-masquerade-booster-box?eu_size=One+Size&preferred_currency=EUR&preferred_location=FR&size_system=EU&uk_size=One+Size&us_size=One+Size&srsltid=AfmBOor3BM1cQXS-HwFzI-YJuee1pWtf5E01rgQpWpTNr9OtGIm812WGdUg"" target=""_blank"">Lien</a>",203.0,EUR,Laced,acheter booster pokemon écarlate et violet (2025-03-09 02:51:13)
Pokémon - Écarlate et Violet (EV01) - Boite de 36 Blisters 1 Booster FR,"<a href=""https://shop.magicfranco.be/pokemon/29004-pokemon-ecarlate-et-violet-ev01-boite-de-36-blisters-1-booster-fr.html?srsltid=AfmBOoqbD5QFTlJp-XC6nHMtMdbllcJCMLk1xCOgzcpVFuIz22MbtfUtxTw"" target=""_blank"">Lien</a>",216.0,EUR,MagicFranco,acheter booster pokemon écarlate et violet (2025-03-09 02:51:13)
Acheter Booster Blister - Écarlate & Violet : Couronne Stellaire [EV07] - Pokemon ...,"<a href=""https://www.relictcg.com/products/case-de-booster-blister-ecarlate-violet-couronne-stellaire-ev07-fr?variant=53682660802905&country=FR&currency=EUR&utm_medium=product_sync&utm_source=google&utm_content=sag_organic&utm_campaign=sag_organic"" target=""_blank"">Lien</a>",220.0,EUR,RelicTCG,acheter booster pokemon écarlate et violet (2025-03-09 02:51:13)
Basket Pokémon Display Coffret Dresseur D'élite Écarlate Et Violet évolutions ...,"<a href=""https://limitedresell.com/5909-pokemon-display-coffret-dresseur-delite-ecarlate-et-violet-evolutions-prismatiques-version-francaise.html?srsltid=AfmBOorXJSYP8aVDYa40HXeoRJ4kE3bO6d6vEo4AXuh6jZ644h0qNlm19og"" target=""_blank"">Lien</a>",249.9,EUR,Limited resell,acheter booster pokemon écarlate et violet (2025-03-09 02:51:13)
Pokémon EV01 : Display 36 boosters Écarlate et Violet,"<a href=""https://www.ludijeux.fr/products/display-pokemon-ev01-ecarlate-et-violet?variant=43310987116707&country=FR&currency=EUR&utm_medium=product_sync&utm_source=google&utm_content=sag_organic&utm_campaign=sag_organic&srsltid=AfmBOor8dxy-_o1jAGegA2leQ57yT4k6cjAE0gp2L7kDMK-NlWLVboZSCIw"" target=""_blank"">Lien</a>",249.99,EUR,Ludi'Jeux,acheter booster pokemon écarlate et violet (2025-03-09 02:51:13)
Display 36 boosters Pokémon Ecarlate et Violet 01,"<a href=""https://www.ebay.fr/itm/374548686054?chn=ps&mkevt=1&mkcid=28&google_free_listing_action=view_item"" target=""_blank"">Lien</a>",269.0,EUR,eBay - yugiohgame88,acheter booster pokemon écarlate et violet (2025-03-09 02:51:13)
Pokemon Scarlet & Violet - Temporal Forces Booster Box Eng,"<a href=""https://www.yachew.com/fr-fr/products/pok-mon-tcg-scarlet-violet-temporal-forces-booster-display-box-36-booster-pa?variant=45397897150719&currency=EUR&utm_source=google&utm_medium=organic&utm_campaign=SupFR&utm_content=Pok%C3%A9mon%20Trading%20Cards%20-%20Scarlet%20%26%20Violet%3A%20Temporal%20Forces%20Booster%20Display%20Box%20(36%20Booster%20Packs)%20(188-86981)&srsltid=AfmBOopOOXnZZyN5UVWyAujd9trBue_ihCsZj2nk079moFmu5Bopa1XyvDU"" target=""_blank"">Lien</a>",281.95,EUR,yachew.com,acheter booster pokemon écarlate et violet (2025-03-09 02:51:13)
Pokémon JCC - Écarlate et Violet - Pack de Booster EV09 (Display x36 + carte ...,"<a href=""https://lecentredangelo.fr/products/display-de-36-boosters-ev05-ecarlate-et-violet-forces-temporelles-copie?variant=54122439934297&country=FR&currency=EUR&utm_medium=product_sync&utm_source=google&utm_content=sag_organic&utm_campaign=sag_organic&srsltid=AfmBOopQg3vjaozpeobyOP0ZgHMQLGehkvIXGnpsdsHmWbRTvpbcFzi7tDo"" target=""_blank"">Lien</a>",289.9,EUR,Le centre d'Angelo,acheter booster pokemon écarlate et violet (2025-03-09 02:51:13)
Pokemon Carton Scellé x36 Boosters Blister Ecarlate et Violet EV01 Fr,"<a href=""https://www.pokemonshop.fr/products/pokemon-carton-scelle-x36-boosters-blister-ecarlate-et-violet-ev01-fr?variant=44464368713994&country=FR&currency=EUR&utm_medium=product_sync&utm_source=google&utm_content=sag_organic&utm_campaign=sag_organic&srsltid=AfmBOoo4x2tMLU_bglNrYcsha291nQ5J5ocXlYMRL8ZUt6tKGXBCHLe1btY"" target=""_blank"">Lien</a>",299.9,EUR,Pokémonshop,acheter booster pokemon écarlate et violet (2025-03-09 02:51:13)
Coffret Dresseur d'Elite EV3.5 151 Pokémon,"<a href=""https://lectorshop.com/products/etb-coffret-dresseur-delite-pokemon-151-ev3-5-francais-scelle?variant=50654336385361&country=FR&currency=EUR&utm_medium=product_sync&utm_source=google&utm_content=sag_organic&utm_campaign=sag_organic&srsltid=AfmBOors-R3OBJJpNqrZhU9fSci8BONwVVjN71MGqt13Jj5nvMoM6ooRn58"" target=""_blank"">Lien</a>",299.9,EUR,Lector Shop,acheter booster pokemon écarlate et violet (2025-03-09 02:51:13)
Pokémon - Ecarlate et Violet : Evolutions à Paldea (EV02) - Display 36 boosters ...,"<a href=""https://www.smartoys.be/catalog/trading-cards-pokemon-jcc-pokmon-jcc-carlate-violet-pack-booster-ev02-display-x36-trading-cards-pokmon-jcc-p-0820650566578.html?srsltid=AfmBOoqfhvt3121SrEAZ7eKR6pBF7GNaXwSGMMsr2XW-1sg6Mei596_-89o"" target=""_blank"">Lien</a>",299.95,EUR,Smartoys,acheter booster pokemon écarlate et violet (2025-03-09 02:51:13)
acheter booster pokemon 151,2025-03-09 03:06:25
acheter booster pokemon 151,2025-03-09 03:08:29
acheter booster pokemon 151,2025-03-09 03:36:38
